{"N_mic": 21, "N_unbalanced": 16, "N_metabolite": 21, "N_km": 36, "N_reaction": 8, "N_enzyme": 9, "N_phosphorylation_enzymes": 0, "N_experiment": 2, "N_flux_measurement": 8, "N_enzyme_measurement": 0, "N_conc_measurement": 10, "N_competitive_inhibitor": 2, "N_allosteric_inhibitor": 2, "N_allosteric_activator": 4, "N_allosteric_enzyme": 4, "N_drain": 2, "unbalanced_mic_ix": [2, 3, 4, 6, 7, 9, 10, 12, 13, 15, 16, 17, 18, 19, 20, 21], "balanced_mic_ix": [1, 5, 8, 11, 14], "experiment_yconc": [1, 1, 1, 1, 1, 2, 2, 2, 2, 2], "mic_ix_yconc": [1, 5, 8, 11, 14, 1, 5, 8, 11, 14], "yconc": [0.000110474, 1.90353e-05, 0.00010309200000000001, 0.00184926, 0.0105286, 0.000294139, 8.68859e-05, 5.51018e-05, 0.00513772, 0.0029836], "sigma_conc": [0.28, 0.263, 0.557, 0.149, 0.596, 0.28, 0.263, 0.557, 0.149, 0.596], "experiment_yflux": [1, 1, 1, 1, 2, 2, 2, 2], "reaction_yflux": [7, 3, 4, 5, 7, 3, 4, 5], "yflux": [0.564525, -0.00040747099999999996, 0.0467788, 0.0739089, 0.883883, -0.014169999999999999, 0.111819, 0.0477884], "sigma_flux": [0.06, 0.0023, 0.1, 0.0088, 0.1, 0.03, 0.1, 0.0063], "experiment_yenz": [], "enzyme_yenz": [], "yenz": [], "sigma_enz": [], "prior_loc_formation_energy": [492.0, -246.0, -428.21047000000004, -841.93381, 1365.7007, 0.0, 882.0, 483.0, 138.779651, 1047.8, 6.5, 326.0, 620.0, 1102.0, 1059.16658, 501.317009, 30.0, 234.465994, 580.976102, 644.7932549999999, 69.0], "prior_scale_formation_energy": [17.383040100000002, 2.31572107, 0.58474181, 1.28438072, 5.0, 1.0, 5.0, 7.8, 1.94154761, 5.0, 7.8, 5.0, 5.0, 5.0, 5.0, 5.0, 13.5, 1.35879992, 45.1128511, 45.071929600000004, 7.8], "prior_loc_kcat": [2.2, 15.8, 6.4807406984078595, 219.0890230020662, 1.816590212458495, 14.491376746189436, 43.3589667773576, 2.3366642891095846, 13.0], "prior_scale_kcat": [2.0, 2.0, 0.9566538942495864, 0.2587688663765167, 0.25660875610976536, 0.37904661893881425, 0.6305713996118358, 0.2520517833785601, 2.0], "prior_loc_phos_kcat": [], "prior_scale_phos_kcat": [], "prior_loc_km": [0.10039920318408903, 0.16583123951776998, 1.4142135619999998, 1.0, 0.5, 1.2, 0.4, 1.4142135619999998, 1.0, 0.5, 0.35, 0.010954451, 1.469693846, 0.0001, 1.4, 0.004472136, 0.004242641, 0.08900000000000001, 0.0017320508075688772, 0.038729833, 0.022449944, 0.01959591794226543, 0.0015, 0.002, 1.267280553, 0.005000000000000002, 0.0028284271247461914, 0.00223607, 0.08124038404635962, 0.02, 0.021166010488516726, 0.001224745, 0.00953939201416945, 0.006131883886702358, 0.006131883886702358, 0.012961481396815723], "prior_scale_km": [0.8468625708051929, 0.17645266239648758, 2.0, 2.0, 2.0, 2.0, 2.0, 2.0, 2.0, 2.0, 2.0, 2.0, 2.0, 2.0, 2.0, 2.0, 2.0, 2.0, 0.2361238189969911, 2.0, 2.0, 0.21080880979937816, 2.0, 2.0, 2.0, 0.6918302848827697, 0.14897754293212312, 2.0, 0.03435614740289054, 2.0, 0.12027775256229771, 2.0, 0.1330495785505543, 0.18363877081546645, 0.18363877081546645, 1.3208719331086916], "prior_loc_ki": [0.004, 0.052000000000000005], "prior_scale_ki": [2.0, 2.0], "prior_loc_diss_t": [0.3, 0.003], "prior_scale_diss_t": [2.0, 2.0], "prior_loc_diss_r": [0.095, 0.2449489742783178, 0.092195445, 0.003], "prior_scale_diss_r": [2.0, 0.9026390946821478, 2.0, 2.0], "prior_loc_tc": [0.1, 1.0, 1.0, 3.0], "prior_scale_tc": [2.0, 2.0, 2.0, 2.0], "prior_loc_unbalanced": [[1.4142135619999998, 1.0, 0.5, 1.0, 1.0, 1.469693846, 0.0001, 0.004472136, 0.022449944, 0.002828427, 1.267280553, 0.05, 1.5874507869999999, 0.001224745, 0.24494897399999999, 0.002236068], [1.4142135619999998, 1.0, 0.5, 1.0, 1.0, 1.469693846, 0.0001, 0.004472136, 0.022449944, 0.002828427, 1.267280553, 0.05, 1.5874507869999999, 0.001224745, 0.24494897399999999, 0.002236068]], "prior_scale_unbalanced": [[0.149, 0.1, 0.6920000000000001, 1.0, 1.0, 0.0872, 1.0, 1.04, 0.095, 0.447, 0.753, 0.691, 0.054000000000000006, 0.0871, 0.0871, 0.34600000000000003], [0.149, 0.1, 0.6920000000000001, 1.0, 1.0, 0.0872, 1.0, 1.04, 0.095, 0.447, 0.753, 0.691, 0.054000000000000006, 0.0871, 0.0871, 0.34600000000000003]], "prior_loc_enzyme": [[1.0, 1.0, 1.0, 1.0, 1.0, 1.0, 1.0, 1.5, 1.0], [1.0, 1.0, 1.0, 1.0, 1.0, 1.0, 1.0, 1.0, 1.0]], "prior_scale_enzyme": [[0.1, 0.1, 0.1, 0.1, 0.1, 0.1, 0.1, 0.1, 0.1], [0.1, 0.1, 0.1, 0.1, 0.1, 0.1, 0.1, 0.1, 0.1]], "prior_loc_phos_conc": [[], []], "prior_scale_phos_conc": [[], []], "prior_loc_drain": [[0.133, 0.7609999999999999], [0.14800000000000002, 1.1420000000000001]], "prior_scale_drain": [[0.013000000000000001, 0.076], [0.015, 0.1]], "S_enz": [[-1, -1, 0, 0, 0, 1, 1, 0, 0], [-1, -1, 0, 0, 0, 0, 0, 0, 0], [1, 1, 0, 0, 0, 0, 0, 0, 0], [1, 1, 0, 0, 0, 0, 0, 0, 0], [1, 1, -1, -1, 0, 0, 0, 0, 0], [0, 0, -1, 0, 0, 0, 0, 0, 0], [0, 0, 1, 0, 0, 0, 0, 0, 0], [0, 0, 1, 1, -1, 0, 0, 0, 0], [0, 0, 0, -1, 0, 0, 0, 0, 0], [0, 0, 0, 1, 0, 0, 0, 0, 0], [0, 0, 0, 0, 1, -1, -1, -1, 0], [0, 0, 0, 0, 1, 0, 0, 0, 0], [0, 0, 0, 0, 0, 1, 0, 0, 0], [0, 0, 0, 0, 0, -1, 0, 0, 1], [0, 0, 0, 0, 0, 0, 0, 0, -1], [0, 0, 0, 0, 0, 0, -1, 0, 0], [0, 0, 0, 0, 0, 0, 1, 0, 0], [0, 0, 0, 0, 0, 0, 0, -1, 0], [0, 0, 0, 0, 0, 0, 0, 0, 1], [0, 0, 0, 0, 0, 0, 0, 0, -1], [0, 0, 0, 0, 0, 0, 0, 1, 0]], "S_drain": [[-1, 1], [0, 0], [0, 0], [0, 0], [0, 0], [0, 0], [0, 0], [0, 0], [0, 0], [0, 0], [0, 0], [0, 0], [0, 0], [0, 0], [0, 0], [0, 0], [0, 0], [0, 0], [0, 0], [0, 0], [0, 0]], "S_full": [[-1, -1, 0, 0, 0, 1, 1, 0, 0, -1, 1], [-1, -1, 0, 0, 0, 0, 0, 0, 0, 0, 0], [1, 1, 0, 0, 0, 0, 0, 0, 0, 0, 0], [1, 1, 0, 0, 0, 0, 0, 0, 0, 0, 0], [1, 1, -1, -1, 0, 0, 0, 0, 0, 0, 0], [0, 0, -1, 0, 0, 0, 0, 0, 0, 0, 0], [0, 0, 1, 0, 0, 0, 0, 0, 0, 0, 0], [0, 0, 1, 1, -1, 0, 0, 0, 0, 0, 0], [0, 0, 0, -1, 0, 0, 0, 0, 0, 0, 0], [0, 0, 0, 1, 0, 0, 0, 0, 0, 0, 0], [0, 0, 0, 0, 1, -1, -1, -1, 0, 0, 0], [0, 0, 0, 0, 1, 0, 0, 0, 0, 0, 0], [0, 0, 0, 0, 0, 1, 0, 0, 0, 0, 0], [0, 0, 0, 0, 0, -1, 0, 0, 1, 0, 0], [0, 0, 0, 0, 0, 0, 0, 0, -1, 0, 0], [0, 0, 0, 0, 0, 0, -1, 0, 0, 0, 0], [0, 0, 0, 0, 0, 0, 1, 0, 0, 0, 0], [0, 0, 0, 0, 0, 0, 0, -1, 0, 0, 0], [0, 0, 0, 0, 0, 0, 0, 0, 1, 0, 0], [0, 0, 0, 0, 0, 0, 0, 0, -1, 0, 0], [0, 0, 0, 0, 0, 0, 0, 1, 0, 0, 0]], "S_phos_act": [], "S_phos_inh": [], "water_stoichiometry": [-1, -1, 0, 0, -1, 0, 0, 1, 0], "mic_to_met": [1, 2, 3, 4, 5, 6, 7, 8, 9, 10, 11, 12, 13, 14, 15, 16, 17, 18, 19, 20, 21], "S_to_flux_map": [[1, 1, 0, 0, 0, 0, 0, 0, 0], [0, 0, 1, 0, 0, 0, 0, 0, 0], [0, 0, 0, 1, 0, 0, 0, 0, 0], [0, 0, 0, 0, 1, 0, 0, 0, 0], [0, 0, 0, 0, 0, 1, 0, 0, 0], [0, 0, 0, 0, 0, 0, 1, 0, 0], [0, 0, 0, 0, 0, 0, 0, 1, 0], [0, 0, 0, 0, 0, 0, 0, 0, 1]], "is_knockout": [[0, 0, 0, 0, 0, 0, 0, 0, 0], [0, 0, 0, 0, 0, 0, 0, 0, 0]], "is_phos_knockout": [[], []], "km_lookup": [[1, 6, 0, 0, 0, 20, 23, 0, 0], [3, 8, 0, 0, 0, 0, 0, 0, 0], [4, 9, 0, 0, 0, 0, 0, 0, 0], [5, 10, 0, 0, 0, 0, 0, 0, 0], [2, 7, 33, 11, 0, 0, 0, 0, 0], [0, 0, 34, 0, 0, 0, 0, 0, 0], [0, 0, 35, 0, 0, 0, 0, 0, 0], [0, 0, 36, 12, 15, 0, 0, 0, 0], [0, 0, 0, 13, 0, 0, 0, 0, 0], [0, 0, 0, 14, 0, 0, 0, 0, 0], [0, 0, 0, 0, 17, 19, 22, 26, 0], [0, 0, 0, 0, 16, 0, 0, 0, 0], [0, 0, 0, 0, 0, 21, 0, 0, 0], [0, 0, 0, 0, 0, 18, 0, 0, 30], [0, 0, 0, 0, 0, 0, 0, 0, 29], [0, 0, 0, 0, 0, 0, 25, 0, 0], [0, 0, 0, 0, 0, 0, 24, 0, 0], [0, 0, 0, 0, 0, 0, 0, 27, 0], [0, 0, 0, 0, 0, 0, 0, 0, 32], [0, 0, 0, 0, 0, 0, 0, 0, 31], [0, 0, 0, 0, 0, 0, 0, 28, 0]], "n_ci": [0, 0, 1, 1, 0, 0, 0, 0, 0], "n_ai": [0, 0, 0, 1, 0, 0, 0, 0, 1], "n_aa": [0, 1, 0, 1, 0, 0, 0, 1, 1], "ci_ix": [14, 8], "ai_ix": [15, 5], "aa_ix": [5, 5, 5, 8], "subunits": [1, 2, 1, 4, 1, 1, 1, 2, 2], "conc_init": [[0.000110474, 1.4142135619999998, 1.0, 0.5, 1.90353e-05, 1.0, 1.0, 0.00010309200000000001, 1.469693846, 0.0001, 0.00184926, 0.004472136, 0.022449944, 0.0105286, 0.002828427, 1.267280553, 0.05, 1.5874507869999999, 0.001224745, 0.24494897399999999, 0.002236068], [0.000294139, 1.4142135619999998, 1.0, 0.5, 8.68859e-05, 1.0, 1.0, 5.51018e-05, 1.469693846, 0.0001, 0.00513772, 0.004472136, 0.022449944, 0.0029836, 0.002828427, 1.267280553, 0.05, 1.5874507869999999, 0.001224745, 0.24494897399999999, 0.002236068]],