{
  "log_km_z": [
    -0.32142,
    0.424983,
    -1.20286,
    1.7946,
    0.0666623,
    -0.506925,
    -1.21952,
    -2.28509,
    -0.340901,
    0.39652,
    1.03284,
    0.205458,
    0.909791,
    1.60515,
    -3.04271,
    0.213356,
    1.60666,
    -0.776048,
    0.902926,
    -1.24588,
    0.355183,
    1.47056,
    1.20093,
    1.61591,
    -0.00821601,
    -0.0989116,
    -1.83878,
    -1.52284,
    -1.73284,
    -1.16097,
    -1.09171,
    -0.641861,
    1.83584,
    -0.825324,
    -0.184428,
    -1.18219
  ],
  "drain_z": [
    [
      0.718826,
      0.223072
    ],
    [
      -0.83043,
      -0.50257
    ]
  ],
  "log_ki_z": [
    1.20116,
    0.384556
  ],
  "log_dissociation_constant_t_z": [
    1.60935,
    0.354539
  ],
  "log_dissociation_constant_r_z": [
    0.977481,
    -0.793252,
    -1.08041,
    0.280249
  ],
  "log_transfer_constant_z": [
    0.650435,
    0.794256,
    -1.45685,
    -0.667521
  ],
  "log_kcat_z": [
    -0.88527,
    0.616565,
    0.931555,
    -1.81888,
    1.72262,
    -0.231591,
    -0.91132,
    -1.35151,
    -0.15226
  ],
  "log_conc_unbalanced_z": [
    [
      -1.50901,
      -0.650476,
      -0.00894983,
      -0.781933,
      -1.84331,
      -0.338582,
      0.0290129,
      -0.892008,
      0.432085,
      -1.18463,
      -0.952823,
      0.606347,
      -0.97207,
      1.06713,
      1.32004,
      0.0232044
    ],
    [
      -0.687729,
      0.265547,
      -0.806032,
      -0.308597,
      0.0675025,
      0.126919,
      -0.981578,
      -2.07588,
      -1.16292,
      -2.19015,
      -1.85774,
      -0.257582,
      -0.225374,
      0.335186,
      0.372221,
      0.799053
    ]
  ],
  "log_enzyme_z": [
    [
      0.534933,
      -0.266144,
      -0.014484,
      0.406985,
      1.33983,
      -2.1255,
      0.959089,
      -2.00453,
      -0.608774
    ],
    [
      -0.286895,
      0.433313,
      -0.513355,
      -1.75283,
      0.987187,
      0.884162,
      -0.581522,
      1.90423,
      0.23739
    ]
  ],
  "formation_energy_z": [
    0,
    0,
    0,
    0,
    0,
    0,
    0,
    0,
    0,
    0,
    0,
    0,
    0,
    0,
    0,
    0,
    0,
    0,
    0,
    0,
    0
  ]
}